{"prop_prob_list": [0.5, 0.51, 0.52, 0.53, 0.54, 0.55, 0.56, 0.5700000000000001, 0.5800000000000001, 0.5900000000000001, 0.6000000000000001, 0.6100000000000001, 0.6200000000000001, 0.6300000000000001, 0.6400000000000001, 0.6500000000000001, 0.6600000000000001, 0.6700000000000002, 0.6800000000000002, 0.6900000000000002, 0.7000000000000002, 0.7100000000000002, 0.7200000000000002, 0.7300000000000002, 0.7400000000000002, 0.7500000000000002, 0.7600000000000002, 0.7700000000000002, 0.7800000000000002, 0.7900000000000003, 0.8000000000000003, 0.8100000000000003, 0.8200000000000003, 0.8300000000000003, 0.8400000000000003, 0.8500000000000003, 0.8600000000000003, 0.8700000000000003, 0.8800000000000003, 0.8900000000000003, 0.9000000000000004, 0.9100000000000004, 0.9200000000000004, 0.9300000000000004, 0.9400000000000004, 0.9500000000000004, 0.9600000000000004, 0.9700000000000004, 0.9800000000000004, 0.9900000000000004, 1.0000000000000004], "precision": [1.0, 1.0, 1.0, 1.0, 1.0, 1.0, 1.0, 1.0, 1.0, 1.0, 1.0, 1.0, 1.0, 1.0, 1.0, 1.0, 1.0, 1.0, 1.0, 1.0, 1.0, 1.0, 1.0, 1.0, 1.0, 1.0, 1.0, 1.0, 1.0, 1.0, 1.0, 1.0, 1.0, 1.0, 1.0, 1.0, 1.0, 1.0, 1.0, 1.0, 1.0, 1.0, 1.0, 1.0, 1.0, 1.0, 1.0, 1.0, 1.0, 1.0, 1.0], "time": [14.133172512054443, 13.77709674835205, 14.575377225875854, 15.871895790100098, 14.20361876487732, 13.994122505187988, 15.024393081665039, 12.6585853099823, 13.034388065338135, 13.928405046463013, 14.370563507080078, 13.516628980636597, 13.19937252998352, 14.803337335586548, 14.381412982940674, 14.074670553207397, 12.724361658096313, 12.681028842926025, 12.109696865081787, 11.80729603767395, 12.558438539505005, 11.823218822479248, 12.241156578063965, 12.919026374816895, 13.530300617218018, 12.730271816253662, 12.957833766937256, 13.601225137710571, 13.12511920928955, 12.956487894058228, 12.968578815460205, 12.693546533584595, 12.91606616973877, 12.799147844314575, 13.066579580307007, 13.378660678863525, 13.841276407241821, 13.508684635162354, 14.31817626953125, 13.531904458999634, 13.557496547698975, 13.904254913330078, 13.98551321029663, 13.410427570343018, 12.706169366836548, 13.1804518699646, 13.425549745559692, 15.401673078536987, 15.604758739471436, 18.886249542236328, 27.368471384048462]}