{"prop_prob_list": [0.5, 0.51, 0.52, 0.53, 0.54, 0.55, 0.56, 0.5700000000000001, 0.5800000000000001, 0.5900000000000001, 0.6000000000000001, 0.6100000000000001, 0.6200000000000001, 0.6300000000000001, 0.6400000000000001, 0.6500000000000001, 0.6600000000000001, 0.6700000000000002, 0.6800000000000002, 0.6900000000000002, 0.7000000000000002, 0.7100000000000002, 0.7200000000000002, 0.7300000000000002, 0.7400000000000002, 0.7500000000000002, 0.7600000000000002, 0.7700000000000002, 0.7800000000000002, 0.7900000000000003, 0.8000000000000003, 0.8100000000000003, 0.8200000000000003, 0.8300000000000003, 0.8400000000000003, 0.8500000000000003, 0.8600000000000003, 0.8700000000000003, 0.8800000000000003, 0.8900000000000003, 0.9000000000000004, 0.9100000000000004, 0.9200000000000004, 0.9300000000000004, 0.9400000000000004, 0.9500000000000004, 0.9600000000000004, 0.9700000000000004, 0.9800000000000004, 0.9900000000000004, 1.0000000000000004], "precision": [1.0, 1.0, 1.0, 1.0, 1.0, 1.0, 1.0, 1.0, 1.0, 1.0, 1.0, 1.0, 1.0, 1.0, 1.0, 1.0, 1.0, 1.0, 1.0, 1.0, 1.0, 1.0, 1.0, 1.0, 1.0, 1.0, 1.0, 1.0, 1.0, 1.0, 1.0, 1.0, 1.0, 1.0, 1.0, 1.0, 1.0, 1.0, 1.0, 1.0, 1.0, 1.0, 1.0, 1.0, 1.0, 1.0, 1.0, 1.0, 1.0, 1.0, 1.0], "time": [11.678186655044556, 12.028762102127075, 11.557779550552368, 11.592450618743896, 11.698983192443848, 11.661067008972168, 11.546539545059204, 11.698782920837402, 11.512318134307861, 11.54306674003601, 11.606901168823242, 11.573341846466064, 11.475773334503174, 11.2916738986969, 11.853344678878784, 11.424246549606323, 11.467371225357056, 11.607264518737793, 11.591906309127808, 11.726081132888794, 11.806111574172974, 12.33315110206604, 12.674174070358276, 11.687129259109497, 11.150307893753052, 10.34477186203003, 10.3626127243042, 10.691527605056763, 10.502102375030518, 10.920523166656494, 10.474704027175903, 10.810335636138916, 11.068337440490723, 10.297301769256592, 10.401823282241821, 10.23330044746399, 10.288493394851685, 10.752741575241089, 10.614402770996094, 11.406060695648193, 11.549852132797241, 10.7917959690094, 10.793485879898071, 10.525174856185913, 10.872274160385132, 11.155765533447266, 11.638787746429443, 12.470178127288818, 20.85293412208557, 20.299859523773193, 34.92923283576965]}