{"error_prop_list": [0.0, 0.01, 0.02, 0.03, 0.04, 0.05, 0.06, 0.07, 0.08, 0.09, 0.1, 0.11, 0.12, 0.13, 0.14, 0.15, 0.16, 0.17, 0.18, 0.19, 0.2, 0.21, 0.22, 0.23, 0.24, 0.25, 0.26, 0.27, 0.28, 0.29, 0.3, 0.31, 0.32, 0.33, 0.34, 0.35000000000000003, 0.36, 0.37, 0.38, 0.39, 0.4, 0.41000000000000003, 0.42, 0.43, 0.44, 0.45, 0.46, 0.47000000000000003, 0.48, 0.49, 0.5], "precision": [0.36140476190476195, 0.3318095238095238, 0.24790476190476188, 0.2607460317460317, 0.22885714285714281, 0.18764285714285708, 0.21285714285714286, 0.19305555555555554, 0.16203174603174603, 0.11377849927849928, 0.11972294372294372, 0.07252109002109002, 0.05888766788766789, 0.07740692640692641, 0.05496847596847597, 0.061650294150294147, 0.05271572871572871, 0.03387792762792762, 0.03783111333111333, 0.0416991341991342, 0.03241292041292041, 0.02077128427128427, 0.03708608058608058, 0.0238003663003663, 0.026984848484848487, 0.016074897324897322, 0.009261904761904763, 0.02037923187923188, 0.013095238095238094, 0.011936507936507936, 0.005079365079365079, 0.011141636141636142, 0.012023809523809523, 0.0013333333333333333, 0.007373737373737374, 0.0045000000000000005, 0.0, 0.0045000000000000005, 0.002, 0.002857142857142857, 0.00626068376068376, 0.004722222222222222, 0.009222222222222222, 0.004722222222222222, 0.0, 0.010833333333333332, 0.008260683760683762, 0.0, 0.0022222222222222222, 0.0, 0.008857142857142857], "time": [1.1086864471435547, 1.1707665920257568, 1.1123826503753662, 1.303114414215088, 1.400132179260254, 1.2995882034301758, 1.270155906677246, 1.353647232055664, 1.3405020236968994, 1.454023838043213, 1.4658615589141846, 1.377647876739502, 1.4534850120544434, 1.4551019668579102, 1.558422565460205, 1.4820187091827393, 1.4695734977722168, 1.6245498657226562, 1.559847116470337, 1.566002368927002, 1.528742790222168, 1.5194511413574219, 1.5651051998138428, 1.6181254386901855, 1.6225571632385254, 1.6547706127166748, 1.6062171459197998, 1.5793590545654297, 1.6043691635131836, 1.5724523067474365, 1.602855920791626, 1.6793313026428223, 1.6152665615081787, 1.6003103256225586, 1.5962884426116943, 1.6176059246063232, 1.5977623462677002, 1.675959825515747, 1.6780872344970703, 1.6010115146636963, 1.6670546531677246, 1.6434714794158936, 1.646381139755249, 1.6240150928497314, 1.689868450164795, 1.7195134162902832, 1.720287561416626, 1.6555066108703613, 1.6593670845031738, 1.7277119159698486, 1.7596352100372314]}