{"prop_prob_list": [0.5, 0.51, 0.52, 0.53, 0.54, 0.55, 0.56, 0.5700000000000001, 0.5800000000000001, 0.5900000000000001, 0.6000000000000001, 0.6100000000000001, 0.6200000000000001, 0.6300000000000001, 0.6400000000000001, 0.6500000000000001, 0.6600000000000001, 0.6700000000000002, 0.6800000000000002, 0.6900000000000002, 0.7000000000000002, 0.7100000000000002, 0.7200000000000002, 0.7300000000000002, 0.7400000000000002, 0.7500000000000002, 0.7600000000000002, 0.7700000000000002, 0.7800000000000002, 0.7900000000000003, 0.8000000000000003, 0.8100000000000003, 0.8200000000000003, 0.8300000000000003, 0.8400000000000003, 0.8500000000000003, 0.8600000000000003, 0.8700000000000003, 0.8800000000000003, 0.8900000000000003, 0.9000000000000004, 0.9100000000000004, 0.9200000000000004, 0.9300000000000004, 0.9400000000000004, 0.9500000000000004, 0.9600000000000004, 0.9700000000000004, 0.9800000000000004, 0.9900000000000004, 1.0000000000000004], "precision": [0.9851825396825395, 0.9857142857142859, 0.9912380952380951, 0.9884761904761905, 0.9988888888888888, 0.9813650793650794, 0.991015873015873, 0.9856587301587303, 0.9913333333333334, 0.9821904761904762, 0.9850238095238094, 0.9777857142857144, 0.9966666666666666, 0.9751746031746031, 0.9921666666666666, 0.9912380952380953, 0.9816507936507938, 0.9898095238095239, 0.9893333333333334, 0.9727619047619048, 0.9886031746031747, 0.9927380952380953, 0.9824126984126985, 0.9884761904761905, 0.9779444444444445, 0.9785714285714286, 0.9783253968253968, 0.9763253968253969, 0.9845079365079366, 0.9754999999999999, 0.9819761904761904, 0.988920634920635, 0.9872222222222223, 0.9856031746031746, 0.9783253968253969, 0.9647698412698413, 0.9823650793650793, 0.9764920634920634, 0.9753968253968255, 0.9701507936507936, 0.9737936507936509, 0.9570714285714286, 0.9622222222222223, 0.9558015873015873, 0.9530317460317461, 0.9204285714285715, 0.9368730158730159, 0.9198968253968254, 0.9026587301587301, 0.9123968253968254, 0.900373015873016], "time": [1.0664684772491455, 1.029292345046997, 1.0917847156524658, 0.9315545558929443, 1.0428757667541504, 1.011401891708374, 0.9676566123962402, 1.0646741390228271, 1.0292370319366455, 1.127993106842041, 1.0439550876617432, 1.0518829822540283, 1.099517583847046, 1.0011000633239746, 1.2198927402496338, 1.1628901958465576, 1.027059555053711, 1.0628769397735596, 1.0535931587219238, 1.1497395038604736, 1.117063045501709, 1.1000494956970215, 1.0057275295257568, 1.0782825946807861, 1.0049006938934326, 1.1035516262054443, 1.0427908897399902, 1.0455617904663086, 1.1518378257751465, 1.0438320636749268, 0.957510232925415, 1.0943691730499268, 1.0446739196777344, 1.169968843460083, 1.1250722408294678, 1.0287408828735352, 1.0833649635314941, 1.0297844409942627, 1.0836758613586426, 1.1071906089782715, 1.10066819190979, 1.144404411315918, 1.1436467170715332, 1.1064317226409912, 1.2192883491516113, 1.412515640258789, 1.1908013820648193, 1.298130750656128, 1.764718770980835, 2.5452163219451904, 3.917083978652954]}