{"error_prop_list": [0.0, 0.01, 0.02, 0.03, 0.04, 0.05, 0.06, 0.07, 0.08, 0.09, 0.1, 0.11, 0.12, 0.13, 0.14, 0.15, 0.16, 0.17, 0.18, 0.19, 0.2, 0.21, 0.22, 0.23, 0.24, 0.25, 0.26, 0.27, 0.28, 0.29, 0.3, 0.31, 0.32, 0.33, 0.34, 0.35000000000000003, 0.36, 0.37, 0.38, 0.39, 0.4, 0.41000000000000003, 0.42, 0.43, 0.44, 0.45, 0.46, 0.47000000000000003, 0.48, 0.49, 0.5], "precision": [0.36140476190476195, 0.3318095238095238, 0.24790476190476188, 0.2607460317460317, 0.22885714285714281, 0.18764285714285708, 0.21285714285714286, 0.19305555555555554, 0.16203174603174603, 0.11377849927849928, 0.11972294372294372, 0.07252109002109002, 0.05888766788766789, 0.07740692640692641, 0.05496847596847597, 0.061650294150294147, 0.05271572871572871, 0.03387792762792762, 0.03783111333111333, 0.0416991341991342, 0.03241292041292041, 0.02077128427128427, 0.03708608058608058, 0.0238003663003663, 0.026984848484848487, 0.016074897324897322, 0.009261904761904763, 0.02037923187923188, 0.013095238095238094, 0.011936507936507936, 0.005079365079365079, 0.011141636141636142, 0.012023809523809523, 0.0013333333333333333, 0.007373737373737374, 0.0045000000000000005, 0.0, 0.0045000000000000005, 0.002, 0.002857142857142857, 0.00626068376068376, 0.004722222222222222, 0.009222222222222222, 0.004722222222222222, 0.0, 0.010833333333333332, 0.008260683760683762, 0.0, 0.0022222222222222222, 0.0, 0.008857142857142857], "time": [0.9731571674346924, 1.1199743747711182, 1.1085550785064697, 1.0825438499450684, 1.0353634357452393, 1.0015332698822021, 1.0812857151031494, 1.0896015167236328, 1.1279628276824951, 1.0719099044799805, 1.1481547355651855, 1.1865289211273193, 1.173785924911499, 1.1840434074401855, 1.1865992546081543, 1.1825084686279297, 1.1928167343139648, 1.2288873195648193, 1.251774549484253, 1.2233452796936035, 1.310007095336914, 1.2622475624084473, 1.4154834747314453, 1.168609380722046, 1.1940126419067383, 1.385239601135254, 1.2792620658874512, 1.2599828243255615, 1.4482107162475586, 1.1998581886291504, 1.2430284023284912, 1.374276876449585, 1.2969660758972168, 1.3281757831573486, 1.4642350673675537, 1.4978058338165283, 1.3959436416625977, 1.3762502670288086, 1.2928447723388672, 1.4035742282867432, 1.4470736980438232, 1.4160592555999756, 1.3230063915252686, 1.299990177154541, 1.3937933444976807, 1.6004047393798828, 1.442481279373169, 1.3598265647888184, 1.3724558353424072, 1.4292070865631104, 1.4449985027313232]}