{"error_prop_list": [0.0, 0.01, 0.02, 0.03, 0.04, 0.05, 0.06, 0.07, 0.08, 0.09, 0.1, 0.11, 0.12, 0.13, 0.14, 0.15, 0.16, 0.17, 0.18, 0.19, 0.2, 0.21, 0.22, 0.23, 0.24, 0.25, 0.26, 0.27, 0.28, 0.29, 0.3, 0.31, 0.32, 0.33, 0.34, 0.35000000000000003, 0.36, 0.37, 0.38, 0.39, 0.4, 0.41000000000000003, 0.42, 0.43, 0.44, 0.45, 0.46, 0.47000000000000003, 0.48, 0.49, 0.5], "precision": [1.0, 0.31387362637362637, 0.21978021978021978, 0.16758241758241757, 0.1304945054945055, 0.10851648351648352, 0.08447802197802198, 0.07074175824175824, 0.06318681318681318, 0.052884615384615384, 0.04739010989010989, 0.03365384615384615, 0.03365384615384615, 0.027472527472527472, 0.0260989010989011, 0.022664835164835164, 0.015796703296703296, 0.017170329670329672, 0.010302197802197802, 0.011675824175824176, 0.009615384615384616, 0.004120879120879121, 0.006181318681318681, 0.006868131868131868, 0.006181318681318681, 0.004120879120879121, 0.003434065934065934, 0.0027472527472527475, 0.005494505494505495, 0.004120879120879121, 0.005494505494505495, 0.0013736263736263737, 0.004807692307692308, 0.003434065934065934, 0.0006868131868131869, 0.0027472527472527475, 0.003434065934065934, 0.0020604395604395605, 0.0013736263736263737, 0.0020604395604395605, 0.0013736263736263737, 0.0006868131868131869, 0.0013736263736263737, 0.0006868131868131869, 0.0020604395604395605, 0.0006868131868131869, 0.0020604395604395605, 0.0006868131868131869, 0.0, 0.0013736263736263737, 0.0], "time": [12.797786474227905, 12.784009218215942, 13.568676233291626, 13.517982006072998, 13.976278066635132, 14.285106420516968, 14.574010610580444, 14.708531856536865, 14.476957082748413, 15.16435956954956, 15.284332752227783, 15.829786539077759, 15.566593408584595, 15.585034608840942, 16.075193405151367, 15.98461651802063, 16.19928765296936, 16.327532529830933, 16.650282859802246, 16.701764822006226, 17.26621675491333, 17.3691246509552, 17.337690114974976, 18.517651796340942, 18.87114143371582, 19.274999856948853, 19.109985828399658, 17.55780053138733, 15.750320196151733, 16.13056230545044, 16.312484741210938, 15.8022620677948, 15.73021674156189, 15.56897497177124, 15.487122535705566, 16.03159189224243, 16.741169214248657, 17.135478973388672, 18.015982389450073, 18.162043571472168, 18.407235145568848, 17.054235219955444, 17.395883321762085, 16.957257509231567, 17.82103729248047, 18.196550369262695, 18.29717254638672, 17.98046565055847, 17.145971298217773, 17.835952520370483, 17.702213764190674]}