{"prop_prob_list": [0.5, 0.51, 0.52, 0.53, 0.54, 0.55, 0.56, 0.5700000000000001, 0.5800000000000001, 0.5900000000000001, 0.6000000000000001, 0.6100000000000001, 0.6200000000000001, 0.6300000000000001, 0.6400000000000001, 0.6500000000000001, 0.6600000000000001, 0.6700000000000002, 0.6800000000000002, 0.6900000000000002, 0.7000000000000002, 0.7100000000000002, 0.7200000000000002, 0.7300000000000002, 0.7400000000000002, 0.7500000000000002, 0.7600000000000002, 0.7700000000000002, 0.7800000000000002, 0.7900000000000003, 0.8000000000000003, 0.8100000000000003, 0.8200000000000003, 0.8300000000000003, 0.8400000000000003, 0.8500000000000003, 0.8600000000000003, 0.8700000000000003, 0.8800000000000003, 0.8900000000000003, 0.9000000000000004, 0.9100000000000004, 0.9200000000000004, 0.9300000000000004, 0.9400000000000004, 0.9500000000000004, 0.9600000000000004, 0.9700000000000004, 0.9800000000000004, 0.9900000000000004, 1.0000000000000004], "precision": [0.9851825396825395, 0.9857142857142859, 0.9912380952380951, 0.9884761904761905, 0.9988888888888888, 0.9813650793650794, 0.991015873015873, 0.9856587301587303, 0.9913333333333334, 0.9821904761904762, 0.9850238095238094, 0.9777857142857144, 0.9966666666666666, 0.9751746031746031, 0.9921666666666666, 0.9912380952380953, 0.9816507936507938, 0.9898095238095239, 0.9893333333333334, 0.9727619047619048, 0.9886031746031747, 0.9927380952380953, 0.9824126984126985, 0.9884761904761905, 0.9779444444444445, 0.9785714285714286, 0.9783253968253968, 0.9763253968253969, 0.9845079365079366, 0.9754999999999999, 0.9819761904761904, 0.988920634920635, 0.9872222222222223, 0.9856031746031746, 0.9783253968253969, 0.9647698412698413, 0.9823650793650793, 0.9764920634920634, 0.9753968253968255, 0.9701507936507936, 0.9737936507936509, 0.9570714285714286, 0.9622222222222223, 0.9558015873015873, 0.9530317460317461, 0.9204285714285715, 0.9368730158730159, 0.9198968253968254, 0.9026587301587301, 0.9123968253968254, 0.900373015873016], "time": [1.1978108882904053, 1.2630336284637451, 1.3025622367858887, 1.1497087478637695, 1.1124176979064941, 1.2095527648925781, 1.1907973289489746, 1.2676513195037842, 1.11195707321167, 1.2817256450653076, 1.255659818649292, 1.229271411895752, 1.2456080913543701, 1.2538306713104248, 1.1538431644439697, 1.205430030822754, 1.2917828559875488, 1.198209285736084, 1.2286744117736816, 1.2799079418182373, 1.1842567920684814, 1.3035080432891846, 1.0626657009124756, 1.1594436168670654, 1.2099335193634033, 1.223865032196045, 1.3309781551361084, 1.1038615703582764, 1.2515573501586914, 1.1933698654174805, 1.178222894668579, 1.1695315837860107, 1.1546249389648438, 1.22337007522583, 1.2422268390655518, 1.2746367454528809, 1.237961769104004, 1.1611459255218506, 1.194476842880249, 1.1084299087524414, 1.14143967628479, 1.1191182136535645, 1.136002779006958, 1.1870017051696777, 1.261364221572876, 1.4603734016418457, 1.2259747982025146, 1.4780454635620117, 1.9180681705474854, 2.321079969406128, 4.124983787536621]}