{"error_prop_list": [0.0, 0.01, 0.02, 0.03, 0.04, 0.05, 0.06, 0.07, 0.08, 0.09, 0.1, 0.11, 0.12, 0.13, 0.14, 0.15, 0.16, 0.17, 0.18, 0.19, 0.2, 0.21, 0.22, 0.23, 0.24, 0.25, 0.26, 0.27, 0.28, 0.29, 0.3, 0.31, 0.32, 0.33, 0.34, 0.35000000000000003, 0.36, 0.37, 0.38, 0.39, 0.4, 0.41000000000000003, 0.42, 0.43, 0.44, 0.45, 0.46, 0.47000000000000003, 0.48, 0.49, 0.5], "precision": [0.9814560439560439, 0.5480769230769231, 0.4958791208791209, 0.4684065934065934, 0.4429945054945055, 0.4175824175824176, 0.3942307692307692, 0.40041208791208793, 0.34546703296703296, 0.32967032967032966, 0.323489010989011, 0.2733516483516483, 0.23832417582417584, 0.23145604395604397, 0.22252747252747251, 0.18818681318681318, 0.1504120879120879, 0.12637362637362637, 0.10164835164835165, 0.08035714285714286, 0.06043956043956044, 0.03502747252747253, 0.019230769230769232, 0.01304945054945055, 0.01510989010989011, 0.006868131868131868, 0.008241758241758242, 0.0020604395604395605, 0.008241758241758242, 0.004120879120879121, 0.004120879120879121, 0.0027472527472527475, 0.003434065934065934, 0.0027472527472527475, 0.0027472527472527475, 0.0013736263736263737, 0.005494505494505495, 0.0013736263736263737, 0.0013736263736263737, 0.0013736263736263737, 0.0013736263736263737, 0.0, 0.0013736263736263737, 0.0, 0.0013736263736263737, 0.0006868131868131869, 0.0006868131868131869, 0.0013736263736263737, 0.0006868131868131869, 0.0006868131868131869, 0.0013736263736263737], "time": [59.75803589820862, 47.98735284805298, 61.80874276161194, 74.38341069221497, 93.59877395629883, 121.48086500167847, 159.42237901687622, 218.8432903289795, 276.67958068847656, 259.99655652046204, 242.38616132736206, 247.31006479263306, 248.6162040233612, 248.0821659564972, 249.12535905838013, 258.1595118045807, 269.80951857566833, 275.9749505519867, 279.93804478645325, 289.5915582180023, 275.73373532295227, 266.2352817058563, 245.52031445503235, 244.43138456344604, 224.70472168922424, 207.94606709480286, 203.70233726501465, 183.5394549369812, 161.278959274292, 170.06316661834717, 170.0146460533142, 167.77834010124207, 163.51912379264832, 153.9884295463562, 147.75899577140808, 144.9926404953003, 141.35527396202087, 136.9282190799713, 131.804918050766, 113.20937442779541, 110.79852223396301, 120.8651876449585, 119.10596084594727, 115.87938904762268, 116.31366753578186, 115.709796667099, 112.56535601615906, 109.92761492729187, 111.24162220954895, 110.57741951942444, 111.1561119556427]}