{"error_prop_list": [0.0, 0.01, 0.02, 0.03, 0.04, 0.05, 0.06, 0.07, 0.08, 0.09, 0.1, 0.11, 0.12, 0.13, 0.14, 0.15, 0.16, 0.17, 0.18, 0.19, 0.2, 0.21, 0.22, 0.23, 0.24, 0.25, 0.26, 0.27, 0.28, 0.29, 0.3, 0.31, 0.32, 0.33, 0.34, 0.35000000000000003, 0.36, 0.37, 0.38, 0.39, 0.4, 0.41000000000000003, 0.42, 0.43, 0.44, 0.45, 0.46, 0.47000000000000003, 0.48, 0.49, 0.5], "precision": [1.0, 0.28846153846153844, 0.14491758241758243, 0.06387362637362637, 0.044642857142857144, 0.038461538461538464, 0.020604395604395604, 0.019230769230769232, 0.012362637362637362, 0.01098901098901099, 0.009615384615384616, 0.006181318681318681, 0.005494505494505495, 0.005494505494505495, 0.006181318681318681, 0.004807692307692308, 0.0027472527472527475, 0.0020604395604395605, 0.0027472527472527475, 0.0013736263736263737, 0.0027472527472527475, 0.0027472527472527475, 0.003434065934065934, 0.0020604395604395605, 0.0027472527472527475, 0.004120879120879121, 0.0020604395604395605, 0.0006868131868131869, 0.0006868131868131869, 0.0013736263736263737, 0.003434065934065934, 0.0020604395604395605, 0.0013736263736263737, 0.0006868131868131869, 0.0006868131868131869, 0.0006868131868131869, 0.0013736263736263737, 0.0020604395604395605, 0.0013736263736263737, 0.0013736263736263737, 0.0006868131868131869, 0.0006868131868131869, 0.0006868131868131869, 0.0006868131868131869, 0.0013736263736263737, 0.0006868131868131869, 0.0006868131868131869, 0.0006868131868131869, 0.0006868131868131869, 0.0, 0.0006868131868131869], "time": [11.369282484054565, 11.20469331741333, 11.849114894866943, 12.06139612197876, 12.212573051452637, 12.44985818862915, 12.500199317932129, 12.90902042388916, 13.07743215560913, 13.500194311141968, 13.201403379440308, 13.82205080986023, 13.743501901626587, 13.883909702301025, 14.199751138687134, 14.540138959884644, 14.035422086715698, 15.799516916275024, 15.147676706314087, 14.882401466369629, 14.70375943183899, 14.957835912704468, 15.046195030212402, 14.989682674407959, 15.126847267150879, 15.415822982788086, 15.092048645019531, 15.702324628829956, 15.781688451766968, 15.414823293685913, 15.662950277328491, 15.366778373718262, 14.824090719223022, 15.498294115066528, 15.876295804977417, 15.781980037689209, 15.569056034088135, 16.342854261398315, 15.608877897262573, 16.210952043533325, 16.375792026519775, 16.35314440727234, 16.37852120399475, 16.152060508728027, 16.451861143112183, 16.386046171188354, 16.43528699874878, 16.533583164215088, 16.685866117477417, 16.616485834121704, 16.475218057632446]}