{"error_prop_list": [0.0, 0.01, 0.02, 0.03, 0.04, 0.05, 0.06, 0.07, 0.08, 0.09, 0.1, 0.11, 0.12, 0.13, 0.14, 0.15, 0.16, 0.17, 0.18, 0.19, 0.2, 0.21, 0.22, 0.23, 0.24, 0.25, 0.26, 0.27, 0.28, 0.29, 0.3, 0.31, 0.32, 0.33, 0.34, 0.35000000000000003, 0.36, 0.37, 0.38, 0.39, 0.4, 0.41000000000000003, 0.42, 0.43, 0.44, 0.45, 0.46, 0.47000000000000003, 0.48, 0.49, 0.5], "precision": [0.6758095238095239, 0.5464365079365079, 0.41208730158730156, 0.39815079365079353, 0.32959523809523816, 0.32679365079365075, 0.2975079365079365, 0.26265873015873015, 0.26442857142857135, 0.22551587301587303, 0.22936507936507933, 0.16546031746031745, 0.12703968253968254, 0.15036507936507934, 0.13146031746031744, 0.15153968253968253, 0.12784920634920635, 0.08118253968253968, 0.07975396825396826, 0.0578015873015873, 0.062452380952380954, 0.04087301587301587, 0.04542857142857143, 0.034523809523809526, 0.03718253968253968, 0.021444444444444443, 0.017, 0.02207142857142857, 0.007222222222222222, 0.015857142857142858, 0.005079365079365079, 0.009301587301587302, 0.014944444444444444, 0.0022222222222222222, 0.005714285714285714, 0.006444444444444444, 0.0, 0.006222222222222223, 0.002857142857142857, 0.006000000000000001, 0.005357142857142857, 0.0, 0.006857142857142857, 0.006222222222222223, 0.002, 0.011357142857142857, 0.0022222222222222222, 0.0025, 0.004222222222222222, 0.0022222222222222222, 0.0025], "time": [1.1231107711791992, 1.6180062294006348, 2.1441898345947266, 2.315412998199463, 2.7476613521575928, 3.148367166519165, 3.2832722663879395, 3.4694666862487793, 3.6859517097473145, 3.9521098136901855, 4.230610609054565, 4.196175813674927, 4.383702516555786, 4.769948720932007, 4.423720598220825, 4.742455959320068, 5.246588468551636, 5.987330198287964, 5.888263940811157, 7.018504858016968, 8.439652442932129, 8.940309047698975, 9.402196407318115, 9.425824165344238, 9.417167663574219, 9.216557502746582, 9.09749698638916, 9.337963581085205, 9.288967609405518, 7.565512657165527, 5.903577566146851, 5.30480694770813, 5.318977117538452, 4.574522495269775, 4.278808832168579, 3.9166104793548584, 3.8272576332092285, 3.8070428371429443, 3.8526480197906494, 3.44183087348938, 3.5414226055145264, 3.332549810409546, 3.356067180633545, 3.326319694519043, 3.2216854095458984, 3.165766477584839, 3.3130412101745605, 3.1252601146698, 3.1446309089660645, 3.160498857498169, 3.193422317504883]}