{"prop_prob_list": [0.5, 0.51, 0.52, 0.53, 0.54, 0.55, 0.56, 0.5700000000000001, 0.5800000000000001, 0.5900000000000001, 0.6000000000000001, 0.6100000000000001, 0.6200000000000001, 0.6300000000000001, 0.6400000000000001, 0.6500000000000001, 0.6600000000000001, 0.6700000000000002, 0.6800000000000002, 0.6900000000000002, 0.7000000000000002, 0.7100000000000002, 0.7200000000000002, 0.7300000000000002, 0.7400000000000002, 0.7500000000000002, 0.7600000000000002, 0.7700000000000002, 0.7800000000000002, 0.7900000000000003, 0.8000000000000003, 0.8100000000000003, 0.8200000000000003, 0.8300000000000003, 0.8400000000000003, 0.8500000000000003, 0.8600000000000003, 0.8700000000000003, 0.8800000000000003, 0.8900000000000003, 0.9000000000000004, 0.9100000000000004, 0.9200000000000004, 0.9300000000000004, 0.9400000000000004, 0.9500000000000004, 0.9600000000000004, 0.9700000000000004, 0.9800000000000004, 0.9900000000000004, 1.0000000000000004], "precision": [0.9851825396825395, 0.9857142857142859, 0.9912380952380951, 0.9884761904761905, 0.9988888888888888, 0.9813650793650794, 0.991015873015873, 0.9856587301587303, 0.9913333333333334, 0.9821904761904762, 0.9850238095238094, 0.9777857142857144, 0.9966666666666666, 0.9751746031746031, 0.9921666666666666, 0.9912380952380953, 0.9816507936507938, 0.9898095238095239, 0.9893333333333334, 0.9727619047619048, 0.9886031746031747, 0.9927380952380953, 0.9824126984126985, 0.9884761904761905, 0.9779444444444445, 0.9785714285714286, 0.9783253968253968, 0.9763253968253969, 0.9845079365079366, 0.9754999999999999, 0.9819761904761904, 0.988920634920635, 0.9872222222222223, 0.9856031746031746, 0.9783253968253969, 0.9647698412698413, 0.9823650793650793, 0.9764920634920634, 0.9753968253968255, 0.9701507936507936, 0.9737936507936509, 0.9570714285714286, 0.9622222222222223, 0.9558015873015873, 0.9530317460317461, 0.9204285714285715, 0.9368730158730159, 0.9198968253968254, 0.9026587301587301, 0.9123968253968254, 0.900373015873016], "time": [1.16011381149292, 1.3569538593292236, 1.3800995349884033, 1.313927173614502, 1.2954142093658447, 1.3197202682495117, 1.2616922855377197, 1.2288398742675781, 1.2430086135864258, 1.352447271347046, 1.2024271488189697, 1.2483432292938232, 1.229229211807251, 1.2538526058197021, 1.3067817687988281, 1.1955289840698242, 1.2533378601074219, 1.3312745094299316, 1.2553985118865967, 1.2405385971069336, 1.196176290512085, 1.292327880859375, 1.1874067783355713, 1.252669334411621, 1.2711513042449951, 1.2635152339935303, 1.2449781894683838, 1.2074382305145264, 1.3477058410644531, 1.347043514251709, 1.1806681156158447, 1.2331311702728271, 1.2325923442840576, 1.3136725425720215, 1.3422894477844238, 1.2512226104736328, 1.333068609237671, 1.2525622844696045, 1.2758252620697021, 1.2874329090118408, 1.2633347511291504, 1.380354881286621, 1.2803678512573242, 1.3395962715148926, 1.3401477336883545, 1.6091933250427246, 1.4041650295257568, 1.816169023513794, 2.056762456893921, 2.516939878463745, 4.406405687332153]}