{"prop_prob_list": [0.5, 0.51, 0.52, 0.53, 0.54, 0.55, 0.56, 0.5700000000000001, 0.5800000000000001, 0.5900000000000001, 0.6000000000000001, 0.6100000000000001, 0.6200000000000001, 0.6300000000000001, 0.6400000000000001, 0.6500000000000001, 0.6600000000000001, 0.6700000000000002, 0.6800000000000002, 0.6900000000000002, 0.7000000000000002, 0.7100000000000002, 0.7200000000000002, 0.7300000000000002, 0.7400000000000002, 0.7500000000000002, 0.7600000000000002, 0.7700000000000002, 0.7800000000000002, 0.7900000000000003, 0.8000000000000003, 0.8100000000000003, 0.8200000000000003, 0.8300000000000003, 0.8400000000000003, 0.8500000000000003, 0.8600000000000003, 0.8700000000000003, 0.8800000000000003, 0.8900000000000003, 0.9000000000000004, 0.9100000000000004, 0.9200000000000004, 0.9300000000000004, 0.9400000000000004, 0.9500000000000004, 0.9600000000000004, 0.9700000000000004, 0.9800000000000004, 0.9900000000000004, 1.0000000000000004], "precision": [1.0, 1.0, 1.0, 1.0, 1.0, 1.0, 1.0, 1.0, 1.0, 1.0, 1.0, 1.0, 1.0, 1.0, 1.0, 1.0, 1.0, 1.0, 1.0, 1.0, 1.0, 1.0, 1.0, 1.0, 1.0, 1.0, 1.0, 1.0, 1.0, 1.0, 1.0, 1.0, 1.0, 1.0, 1.0, 1.0, 1.0, 1.0, 1.0, 1.0, 1.0, 1.0, 1.0, 1.0, 1.0, 1.0, 1.0, 1.0, 1.0, 1.0, 1.0], "time": [14.173674821853638, 15.145304918289185, 14.845934391021729, 14.758836030960083, 14.635698318481445, 14.756839036941528, 14.631567478179932, 14.792649269104004, 14.462066650390625, 14.452146530151367, 14.846504211425781, 14.927284240722656, 14.754624128341675, 14.822635889053345, 14.719156980514526, 15.07937741279602, 14.791054964065552, 14.934117317199707, 15.325379848480225, 14.57573938369751, 15.053778171539307, 15.25552248954773, 14.52230429649353, 15.142650842666626, 14.589101552963257, 14.70837140083313, 14.558318376541138, 14.459450721740723, 14.652870416641235, 14.99492883682251, 14.837770223617554, 15.022339344024658, 14.82039761543274, 14.000383615493774, 15.1590096950531, 14.943957090377808, 15.737354040145874, 15.987831354141235, 13.949379205703735, 13.278594255447388, 13.65969181060791, 13.591828346252441, 13.034332036972046, 13.501662492752075, 13.215310096740723, 13.654613018035889, 13.545851945877075, 14.227438926696777, 15.29512357711792, 18.57200598716736, 27.069674968719482]}