{"prop_prob_list": [0.5, 0.51, 0.52, 0.53, 0.54, 0.55, 0.56, 0.5700000000000001, 0.5800000000000001, 0.5900000000000001, 0.6000000000000001, 0.6100000000000001, 0.6200000000000001, 0.6300000000000001, 0.6400000000000001, 0.6500000000000001, 0.6600000000000001, 0.6700000000000002, 0.6800000000000002, 0.6900000000000002, 0.7000000000000002, 0.7100000000000002, 0.7200000000000002, 0.7300000000000002, 0.7400000000000002, 0.7500000000000002, 0.7600000000000002, 0.7700000000000002, 0.7800000000000002, 0.7900000000000003, 0.8000000000000003, 0.8100000000000003, 0.8200000000000003, 0.8300000000000003, 0.8400000000000003, 0.8500000000000003, 0.8600000000000003, 0.8700000000000003, 0.8800000000000003, 0.8900000000000003, 0.9000000000000004, 0.9100000000000004, 0.9200000000000004, 0.9300000000000004, 0.9400000000000004, 0.9500000000000004, 0.9600000000000004, 0.9700000000000004, 0.9800000000000004, 0.9900000000000004, 1.0000000000000004], "precision": [0.9988888888888888, 0.9985714285714287, 0.9974603174603175, 0.998, 1.0, 1.0, 0.9988888888888888, 0.9965714285714286, 0.9935555555555555, 0.9911746031746032, 0.9954603174603175, 0.9955555555555554, 0.9988888888888888, 1.0, 0.9977777777777778, 0.9943492063492064, 0.9886349206349206, 0.9974603174603175, 0.9946666666666667, 0.9887936507936508, 0.998, 0.9988888888888888, 0.9946031746031747, 0.9985714285714287, 0.9880634920634921, 0.9963492063492063, 0.9920714285714286, 0.9899444444444444, 0.9988888888888888, 0.9896825396825397, 0.9945714285714286, 0.9943492063492063, 0.9941666666666665, 0.9915317460317461, 0.9941269841269841, 0.9825714285714285, 0.9877222222222223, 0.9883333333333333, 0.9798412698412698, 0.9783015873015873, 0.9842301587301587, 0.9698492063492062, 0.9745714285714285, 0.9695079365079365, 0.9628650793650793, 0.9381269841269843, 0.9448015873015874, 0.9305714285714286, 0.9127539682539683, 0.920968253968254, 0.9083888888888889], "time": [1.4759321212768555, 1.2802884578704834, 1.6578130722045898, 1.3946359157562256, 1.420149564743042, 1.324770212173462, 1.2313518524169922, 1.3314628601074219, 1.2554590702056885, 1.2879328727722168, 1.2643768787384033, 1.1148576736450195, 1.239382028579712, 1.236743450164795, 1.4193470478057861, 1.3223953247070312, 1.155184030532837, 1.1218056678771973, 1.2430055141448975, 1.2100703716278076, 1.4471757411956787, 1.111665964126587, 1.2065434455871582, 1.3125395774841309, 1.4222412109375, 1.6039235591888428, 1.3017232418060303, 1.2490029335021973, 1.663548231124878, 1.727869987487793, 1.8534142971038818, 1.7444934844970703, 1.8364298343658447, 1.915205955505371, 1.8349111080169678, 1.4648661613464355, 1.4473028182983398, 1.5374054908752441, 1.72898268699646, 1.7401342391967773, 1.3407618999481201, 1.4579238891601562, 1.7152297496795654, 1.3389060497283936, 1.8362493515014648, 2.884216070175171, 2.3789045810699463, 2.8842902183532715, 3.3119726181030273, 3.704713821411133, 6.003652811050415]}