{"prop_prob_list": [0.5, 0.51, 0.52, 0.53, 0.54, 0.55, 0.56, 0.5700000000000001, 0.5800000000000001, 0.5900000000000001, 0.6000000000000001, 0.6100000000000001, 0.6200000000000001, 0.6300000000000001, 0.6400000000000001, 0.6500000000000001, 0.6600000000000001, 0.6700000000000002, 0.6800000000000002, 0.6900000000000002, 0.7000000000000002, 0.7100000000000002, 0.7200000000000002, 0.7300000000000002, 0.7400000000000002, 0.7500000000000002, 0.7600000000000002, 0.7700000000000002, 0.7800000000000002, 0.7900000000000003, 0.8000000000000003, 0.8100000000000003, 0.8200000000000003, 0.8300000000000003, 0.8400000000000003, 0.8500000000000003, 0.8600000000000003, 0.8700000000000003, 0.8800000000000003, 0.8900000000000003, 0.9000000000000004, 0.9100000000000004, 0.9200000000000004, 0.9300000000000004, 0.9400000000000004, 0.9500000000000004, 0.9600000000000004, 0.9700000000000004, 0.9800000000000004, 0.9900000000000004, 1.0000000000000004], "precision": [0.9988888888888888, 0.9985714285714287, 0.9974603174603175, 0.998, 1.0, 1.0, 0.9988888888888888, 0.9965714285714286, 0.9935555555555555, 0.9911746031746032, 0.9954603174603175, 0.9955555555555554, 0.9988888888888888, 1.0, 0.9977777777777778, 0.9943492063492064, 0.9886349206349206, 0.9974603174603175, 0.9946666666666667, 0.9887936507936508, 0.998, 0.9988888888888888, 0.9946031746031747, 0.9985714285714287, 0.9880634920634921, 0.9963492063492063, 0.9920714285714286, 0.9899444444444444, 0.9988888888888888, 0.9896825396825397, 0.9945714285714286, 0.9943492063492063, 0.9941666666666665, 0.9915317460317461, 0.9941269841269841, 0.9825714285714285, 0.9877222222222223, 0.9883333333333333, 0.9798412698412698, 0.9783015873015873, 0.9842301587301587, 0.9698492063492062, 0.9745714285714285, 0.9695079365079365, 0.9628650793650793, 0.9381269841269843, 0.9448015873015874, 0.9305714285714286, 0.9127539682539683, 0.920968253968254, 0.9083888888888889], "time": [2.2140421867370605, 2.314854383468628, 2.393040895462036, 2.2916502952575684, 2.3828370571136475, 2.3583834171295166, 2.2672715187072754, 2.2462613582611084, 2.427595376968384, 2.279043674468994, 2.3877224922180176, 1.9651455879211426, 2.182494878768921, 1.916555643081665, 2.0811362266540527, 1.9828040599822998, 2.3544082641601562, 1.9209833145141602, 2.1668589115142822, 2.754720687866211, 2.6178951263427734, 2.0059173107147217, 1.8841421604156494, 1.8657808303833008, 1.8698623180389404, 2.024962902069092, 2.2683746814727783, 2.1135003566741943, 2.510981321334839, 2.1104607582092285, 2.4123477935791016, 2.216611623764038, 2.1295666694641113, 2.4804084300994873, 2.1682448387145996, 2.3398637771606445, 2.1300880908966064, 2.3069400787353516, 2.0602223873138428, 2.3215599060058594, 2.8283567428588867, 3.6392338275909424, 3.0759544372558594, 2.855976104736328, 3.758294105529785, 5.335317611694336, 3.8171889781951904, 5.4712233543396, 6.8546507358551025, 6.567481279373169, 9.474146604537964]}