{"prop_prob_list": [0.5, 0.51, 0.52, 0.53, 0.54, 0.55, 0.56, 0.5700000000000001, 0.5800000000000001, 0.5900000000000001, 0.6000000000000001, 0.6100000000000001, 0.6200000000000001, 0.6300000000000001, 0.6400000000000001, 0.6500000000000001, 0.6600000000000001, 0.6700000000000002, 0.6800000000000002, 0.6900000000000002, 0.7000000000000002, 0.7100000000000002, 0.7200000000000002, 0.7300000000000002, 0.7400000000000002, 0.7500000000000002, 0.7600000000000002, 0.7700000000000002, 0.7800000000000002, 0.7900000000000003, 0.8000000000000003, 0.8100000000000003, 0.8200000000000003, 0.8300000000000003, 0.8400000000000003, 0.8500000000000003, 0.8600000000000003, 0.8700000000000003, 0.8800000000000003, 0.8900000000000003, 0.9000000000000004, 0.9100000000000004, 0.9200000000000004, 0.9300000000000004, 0.9400000000000004, 0.9500000000000004, 0.9600000000000004, 0.9700000000000004, 0.9800000000000004, 0.9900000000000004, 1.0000000000000004], "precision": [0.9988888888888888, 0.9985714285714287, 0.9974603174603175, 0.998, 1.0, 1.0, 0.9988888888888888, 0.9965714285714286, 0.9935555555555555, 0.9911746031746032, 0.9954603174603175, 0.9955555555555554, 0.9988888888888888, 1.0, 0.9977777777777778, 0.9943492063492064, 0.9886349206349206, 0.9974603174603175, 0.9946666666666667, 0.9887936507936508, 0.998, 0.9988888888888888, 0.9946031746031747, 0.9985714285714287, 0.9880634920634921, 0.9963492063492063, 0.9920714285714286, 0.9899444444444444, 0.9988888888888888, 0.9896825396825397, 0.9945714285714286, 0.9943492063492063, 0.9941666666666665, 0.9915317460317461, 0.9941269841269841, 0.9825714285714285, 0.9877222222222223, 0.9883333333333333, 0.9798412698412698, 0.9783015873015873, 0.9842301587301587, 0.9698492063492062, 0.9745714285714285, 0.9695079365079365, 0.9628650793650793, 0.9381269841269843, 0.9448015873015874, 0.9305714285714286, 0.9127539682539683, 0.920968253968254, 0.9083888888888889], "time": [1.1229493618011475, 0.9516105651855469, 1.0713038444519043, 1.113598346710205, 1.0334763526916504, 1.0738394260406494, 0.9450249671936035, 1.0580048561096191, 1.1150500774383545, 1.1244175434112549, 1.056823968887329, 0.9400527477264404, 1.08363938331604, 1.1535515785217285, 1.050410509109497, 1.0810861587524414, 1.0360138416290283, 1.0499510765075684, 1.053659200668335, 1.1253983974456787, 1.0067286491394043, 1.0105867385864258, 1.0426855087280273, 1.0186748504638672, 1.0461206436157227, 1.0423734188079834, 1.0717082023620605, 0.8870983123779297, 1.100205898284912, 0.9948220252990723, 1.1285240650177002, 0.9077944755554199, 1.0092473030090332, 1.0669946670532227, 0.9530143737792969, 1.1764097213745117, 1.0661866664886475, 1.0599241256713867, 1.0358021259307861, 1.0718493461608887, 1.092439889907837, 1.1326823234558105, 1.1746020317077637, 1.0901062488555908, 1.265885591506958, 1.617544174194336, 1.2624869346618652, 1.5793628692626953, 2.101609706878662, 2.657327651977539, 4.443477630615234]}