{"error_prop_list": [0.0, 0.01, 0.02, 0.03, 0.04, 0.05, 0.06, 0.07, 0.08, 0.09, 0.1, 0.11, 0.12, 0.13, 0.14, 0.15, 0.16, 0.17, 0.18, 0.19, 0.2, 0.21, 0.22, 0.23, 0.24, 0.25, 0.26, 0.27, 0.28, 0.29, 0.3, 0.31, 0.32, 0.33, 0.34, 0.35000000000000003, 0.36, 0.37, 0.38, 0.39, 0.4, 0.41000000000000003, 0.42, 0.43, 0.44, 0.45, 0.46, 0.47000000000000003, 0.48, 0.49, 0.5], "precision": [0.704126984126984, 0.521012753586283, 0.41273678153631704, 0.35342271993572294, 0.3095338651596197, 0.24141513774190648, 0.23294954721780406, 0.1924436232463833, 0.1723191881255723, 0.13496057084844326, 0.11675761439133012, 0.09334058081872768, 0.07956365251458121, 0.08364203767746577, 0.056838544274049434, 0.06694821324462354, 0.055242416714586066, 0.041484278893266675, 0.04407584487321572, 0.0422814688803242, 0.03625455092567673, 0.03390959890769375, 0.027037163098549595, 0.026353003394934738, 0.027415488860680695, 0.020110964471262274, 0.02091660477029186, 0.02141418665224351, 0.01666006811799299, 0.017727608196776937, 0.01753119123592584, 0.015710254959872893, 0.012886260775140093, 0.010449727150433054, 0.013371149454605505, 0.014430156552583579, 0.011748511192798827, 0.011769118456844902, 0.010825825425550656, 0.0070316732473724415, 0.007759640212140888, 0.006716247879240269, 0.0105343576803353, 0.00820405090188344, 0.007850355933368221, 0.006305070022664712, 0.0074918034287764414, 0.004706211809226915, 0.0049745854940106025, 0.0048115442015130485, 0.005619134303397797], "time": [1.7251734733581543, 1.6591742038726807, 1.5341417789459229, 1.5258457660675049, 1.5661065578460693, 1.6929426193237305, 1.53184175491333, 1.482783555984497, 1.5096325874328613, 1.5550432205200195, 1.475649356842041, 1.6174798011779785, 1.6362597942352295, 1.6393918991088867, 1.758307933807373, 1.7538468837738037, 1.5911195278167725, 1.645613670349121, 1.881288766860962, 1.871917486190796, 1.6908562183380127, 1.7989521026611328, 1.8637497425079346, 1.8129773139953613, 1.9377498626708984, 1.8244423866271973, 2.1415228843688965, 1.8897082805633545, 2.0404257774353027, 1.9880311489105225, 2.1340103149414062, 1.9907221794128418, 2.050809383392334, 2.1446642875671387, 2.0713603496551514, 2.159914970397949, 2.2401154041290283, 2.328362464904785, 3.0375571250915527, 2.925492286682129, 2.5477306842803955, 2.428818464279175, 2.24130916595459, 2.230380058288574, 2.2853634357452393, 2.3678619861602783, 2.528592348098755, 2.2821896076202393, 2.37804913520813, 2.5370960235595703, 2.7072582244873047]}