{"obs_error_list": [0.0, 0.01, 0.02, 0.03, 0.04, 0.05, 0.06, 0.07, 0.08, 0.09, 0.1, 0.11, 0.12, 0.13, 0.14, 0.15, 0.16, 0.17, 0.18, 0.19, 0.2, 0.21, 0.22, 0.23, 0.24, 0.25, 0.26, 0.27, 0.28, 0.29, 0.3, 0.31, 0.32, 0.33, 0.34, 0.35000000000000003, 0.36, 0.37, 0.38, 0.39, 0.4, 0.41000000000000003, 0.42, 0.43, 0.44, 0.45, 0.46, 0.47000000000000003, 0.48, 0.49, 0.5], "precision": [0.8972539682539684, 0.5783333333333333, 0.47586507936507927, 0.4508253968253968, 0.4283650793650793, 0.4094365079365079, 0.4012698412698413, 0.3960238095238095, 0.38112698412698415, 0.35316666666666663, 0.3415873015873015, 0.305015873015873, 0.2787777777777778, 0.30066666666666664, 0.27349206349206345, 0.31216666666666665, 0.2512698412698413, 0.2095873015873016, 0.21229365079365078, 0.1753333333333333, 0.1800238095238095, 0.1832142857142857, 0.17824603174603174, 0.14978571428571427, 0.15117460317460318, 0.10721428571428572, 0.13794444444444445, 0.1012063492063492, 0.10345238095238095, 0.07427777777777778, 0.10177777777777777, 0.07365873015873016, 0.05312698412698413, 0.031111111111111107, 0.03645238095238095, 0.016436507936507937, 0.01557142857142857, 0.006444444444444444, 0.009523809523809523, 0.0070793650793650785, 0.005079365079365079, 0.0044444444444444444, 0.007357142857142857, 0.006222222222222223, 0.0, 0.008857142857142857, 0.0022222222222222222, 0.005357142857142857, 0.0022222222222222222, 0.0022222222222222222, 0.0], "time": [5.982001304626465, 11.814695835113525, 14.563445806503296, 15.47864580154419, 18.84013843536377, 22.997731685638428, 29.772366762161255, 36.20778465270996, 40.49630928039551, 43.01153779029846, 43.04567193984985, 57.15246534347534, 61.614256143569946, 64.8959846496582, 83.81693506240845, 82.23273658752441, 90.83778810501099, 101.68604016304016, 120.52149057388306, 119.73359823226929, 140.13830041885376, 143.42036962509155, 181.64066338539124, 203.4889998435974, 254.49879574775696, 292.64909768104553, 363.81943917274475, 394.17428970336914, 482.44836497306824, 522.4132788181305, 701.2195031642914, 890.7315349578857, 1062.8036043643951, 1254.6311295032501, 1401.0004844665527, 1310.0047192573547, 1413.918108701706, 2000.3613681793213, 1828.2565231323242, 1288.144350528717, 1285.0147304534912, 1694.6777482032776, 1078.008165359497, 1105.313809633255, 1080.9515364170074, 1009.979786157608, 920.3713746070862, 1003.4159424304962, 1391.2188758850098, 1577.4230725765228, 623.8699]}