{"obs_error_list": [0.0, 0.01, 0.02, 0.03, 0.04, 0.05, 0.06, 0.07, 0.08, 0.09, 0.1, 0.11, 0.12, 0.13, 0.14, 0.15, 0.16, 0.17, 0.18, 0.19, 0.2, 0.21, 0.22, 0.23, 0.24, 0.25, 0.26, 0.27, 0.28, 0.29, 0.3, 0.31, 0.32, 0.33, 0.34, 0.35000000000000003, 0.36, 0.37, 0.38, 0.39, 0.4, 0.41000000000000003, 0.42, 0.43, 0.44, 0.45, 0.46, 0.47000000000000003, 0.48, 0.49, 0.5], "precision": [0.704126984126984, 0.521012753586283, 0.41273678153631704, 0.35342271993572294, 0.3095338651596197, 0.24141513774190648, 0.23294954721780406, 0.1924436232463833, 0.1723191881255723, 0.13496057084844326, 0.11675761439133012, 0.09334058081872768, 0.07956365251458121, 0.08364203767746577, 0.056838544274049434, 0.06694821324462354, 0.055242416714586066, 0.041484278893266675, 0.04407584487321572, 0.0422814688803242, 0.03625455092567673, 0.03390959890769375, 0.027037163098549595, 0.026353003394934738, 0.027415488860680695, 0.020110964471262274, 0.02091660477029186, 0.02141418665224351, 0.01666006811799299, 0.017727608196776937, 0.01753119123592584, 0.015710254959872893, 0.012886260775140093, 0.010449727150433054, 0.013371149454605505, 0.014430156552583579, 0.011748511192798827, 0.011769118456844902, 0.010825825425550656, 0.0070316732473724415, 0.007759640212140888, 0.006716247879240269, 0.0105343576803353, 0.00820405090188344, 0.007850355933368221, 0.006305070022664712, 0.0074918034287764414, 0.004706211809226915, 0.0049745854940106025, 0.0048115442015130485, 0.005619134303397797], "time": [3.3374717235565186, 3.580721616744995, 3.0077149868011475, 2.856123208999634, 3.0740387439727783, 3.6591172218322754, 3.3836774826049805, 3.1238045692443848, 3.973043918609619, 3.361948251724243, 3.1141672134399414, 3.8459856510162354, 3.8781285285949707, 3.3807311058044434, 4.423832178115845, 4.873502254486084, 4.109252452850342, 5.518793344497681, 7.161975383758545, 8.434157133102417, 5.974023103713989, 5.831842660903931, 6.274292469024658, 4.580235719680786, 5.087133407592773, 6.181464433670044, 5.751402378082275, 4.341139554977417, 4.830007553100586, 5.9181809425354, 4.859664678573608, 5.063673257827759, 4.9954140186309814, 5.17776894569397, 4.6501305103302, 5.115884780883789, 5.29251503944397, 6.312950849533081, 6.331066131591797, 6.712617635726929, 5.830135345458984, 6.450817584991455, 7.119244337081909, 6.914020538330078, 7.634201526641846, 7.2257702350616455, 7.604049444198608, 9.962984323501587, 9.548718690872192, 10.11685037612915, 11.472896814346313]}