{"prop_prob_list": [0.5, 0.51, 0.52, 0.53, 0.54, 0.55, 0.56, 0.5700000000000001, 0.5800000000000001, 0.5900000000000001, 0.6000000000000001, 0.6100000000000001, 0.6200000000000001, 0.6300000000000001, 0.6400000000000001, 0.6500000000000001, 0.6600000000000001, 0.6700000000000002, 0.6800000000000002, 0.6900000000000002, 0.7000000000000002, 0.7100000000000002, 0.7200000000000002, 0.7300000000000002, 0.7400000000000002, 0.7500000000000002, 0.7600000000000002, 0.7700000000000002, 0.7800000000000002, 0.7900000000000003, 0.8000000000000003, 0.8100000000000003, 0.8200000000000003, 0.8300000000000003, 0.8400000000000003, 0.8500000000000003, 0.8600000000000003, 0.8700000000000003, 0.8800000000000003, 0.8900000000000003, 0.9000000000000004, 0.9100000000000004, 0.9200000000000004, 0.9300000000000004, 0.9400000000000004, 0.9500000000000004, 0.9600000000000004, 0.9700000000000004, 0.9800000000000004, 0.9900000000000004, 1.0], "precision": [1.0, 1.0, 1.0, 1.0, 1.0, 1.0, 1.0, 1.0, 1.0, 1.0, 1.0, 1.0, 1.0, 1.0, 1.0, 1.0, 1.0, 1.0, 1.0, 1.0, 1.0, 1.0, 1.0, 1.0, 1.0, 1.0, 1.0, 1.0, 1.0, 1.0, 1.0, 1.0, 1.0, 1.0, 1.0, 1.0, 1.0, 1.0, 1.0, 1.0, 1.0, 1.0, 1.0, 1.0, 1.0, 1.0, 1.0, 1.0, 1.0, 1.0, 1.0], "time": [6.457123517990112, 6.35005521774292, 6.447776794433594, 6.374630451202393, 6.344331979751587, 6.353158712387085, 6.315105676651001, 6.288279056549072, 6.341266393661499, 6.281197786331177, 6.326431512832642, 6.286822080612183, 6.287582159042358, 6.3331053256988525, 6.297097206115723, 6.422484874725342, 6.422840118408203, 6.525678634643555, 6.3299241065979, 6.362632989883423, 6.5193092823028564, 6.563507556915283, 6.5776472091674805, 6.553905010223389, 6.4155683517456055, 6.69528603553772, 6.619784832000732, 6.580601692199707, 6.540757894515991, 6.470653295516968, 6.536277532577515, 6.39116907119751, 6.435000896453857, 6.435864448547363, 6.377599716186523, 6.368179559707642, 6.45423698425293, 6.501667261123657, 6.5246875286102295, 6.507293939590454, 6.657832384109497, 6.8705668449401855, 6.751798629760742, 6.95280647277832, 7.12734055519104, 7.272545576095581, 7.605153560638428, 8.395278453826904, 8.862555265426636, 11.293656349182129, 13.6602]}