{"error_prop_list": [0.0, 0.01, 0.02, 0.03, 0.04, 0.05, 0.06, 0.07, 0.08, 0.09, 0.1, 0.11, 0.12, 0.13, 0.14, 0.15, 0.16, 0.17, 0.18, 0.19, 0.2, 0.21, 0.22, 0.23, 0.24, 0.25, 0.26, 0.27, 0.28, 0.29, 0.3, 0.31, 0.32, 0.33, 0.34, 0.35000000000000003, 0.36, 0.37, 0.38, 0.39, 0.4, 0.41000000000000003, 0.42000000000000004, 0.43000000000000005, 0.44000000000000006, 0.45000000000000007, 0.4600000000000001, 0.4700000000000001, 0.4800000000000001, 0.4900000000000001, 0.5000000000000001], "precision": [1.0, 0.6813186813186813, 0.625, 0.5927197802197802, 0.5679945054945055, 0.5412087912087912, 0.5212912087912088, 0.5123626373626373, 0.47802197802197804, 0.4581043956043956, 0.4526098901098901, 0.4271978021978022, 0.38873626373626374, 0.3949175824175824, 0.37637362637362637, 0.35233516483516486, 0.3399725274725275, 0.3159340659340659, 0.28983516483516486, 0.28434065934065933, 0.2603021978021978, 0.24862637362637363, 0.24931318681318682, 0.21703296703296704, 0.2348901098901099, 0.2026098901098901, 0.20398351648351648, 0.1771978021978022, 0.1565934065934066, 0.16689560439560439, 0.13942307692307693, 0.1311813186813187, 0.11332417582417582, 0.11195054945054946, 0.10027472527472528, 0.09752747252747253, 0.07486263736263736, 0.06662087912087912, 0.061813186813186816, 0.059752747252747256, 0.04395604395604396, 0.04395604395604396, 0.03502747252747253, 0.022664835164835164, 0.017857142857142856, 0.016483516483516484, 0.013736263736263736, 0.006868131868131868, 0.0020604395604395605, 0.0020604395604395605, 0.0], "time": [102.11944198608398, 157.2751157283783, 172.49762797355652, 199.9543445110321, 219.4775972366333, 275.29297518730164, 329.76713609695435, 362.728853225708, 402.6626670360565, 442.35651564598083, 505.3098928928375, 518.7902209758759, 575.184787273407, 630.6813726425171, 680.92356133461, 682.2674028873444, 747.7134003639221, 777.0996971130371, 841.3252506256104, 857.1819679737091, 913.5231671333313, 961.6976399421692, 1000.650533914566, 1054.726099729538, 1113.3674285411835, 1195.3853273391724, 1227.8079838752747, 1292.6638429164886, 1520.8065009117126, 1635.2860743999481, 1436.070322751999, 1455.2741496562958, 1520.6155798435211, 1585.5838344097137, 1632.9480397701263, 1710.9103519916534, 1789.2416574954987, 1854.6428430080414, 1897.1035997867584, 1924.1727669239044, 1921.3544886112213, 1980.822235584259, 2035.2230205535889, 2140.9027981758118, 2186.9186673164368, 2269.876896381378, 2386.353465795517, 2502.9880504608154, 2556.2499845027924, 2731.811100244522, 2991.740876197815]}