{"error_prop_list": [0.0, 0.01, 0.02, 0.03, 0.04, 0.05, 0.06, 0.07, 0.08, 0.09, 0.1, 0.11, 0.12, 0.13, 0.14, 0.15, 0.16, 0.17, 0.18, 0.19, 0.2, 0.21, 0.22, 0.23, 0.24, 0.25, 0.26, 0.27, 0.28, 0.29, 0.3, 0.31, 0.32, 0.33, 0.34, 0.35000000000000003, 0.36, 0.37, 0.38, 0.39, 0.4, 0.41000000000000003, 0.42, 0.43, 0.44, 0.45, 0.46, 0.47000000000000003, 0.48, 0.49, 0.5], "precision": [1.0, 0.5817307692307693, 0.5013736263736264, 0.4409340659340659, 0.37293956043956045, 0.3324175824175824, 0.3076923076923077, 0.29876373626373626, 0.2616758241758242, 0.2403846153846154, 0.19917582417582416, 0.19986263736263737, 0.16414835164835165, 0.16758241758241757, 0.15865384615384615, 0.13873626373626374, 0.12293956043956043, 0.10989010989010989, 0.08791208791208792, 0.08585164835164835, 0.08173076923076923, 0.07142857142857142, 0.0673076923076923, 0.05631868131868132, 0.05151098901098901, 0.04395604395604396, 0.048763736263736264, 0.03021978021978022, 0.03777472527472527, 0.029532967032967032, 0.023351648351648352, 0.02815934065934066, 0.02197802197802198, 0.013736263736263736, 0.013736263736263736, 0.014423076923076924, 0.007554945054945055, 0.008241758241758242, 0.0027472527472527475, 0.005494505494505495, 0.006868131868131868, 0.004120879120879121, 0.0013736263736263737, 0.0027472527472527475, 0.0020604395604395605, 0.0020604395604395605, 0.0, 0.0013736263736263737, 0.0006868131868131869, 0.0006868131868131869, 0.0], "time": [10.548458814620972, 10.609233140945435, 10.479490280151367, 10.63051176071167, 10.754167318344116, 11.012233257293701, 11.180428266525269, 11.740840196609497, 13.184610843658447, 13.506203413009644, 14.7865469455719, 15.229791164398193, 14.77315354347229, 15.50774598121643, 16.392481327056885, 17.091565370559692, 17.275792837142944, 16.903084993362427, 17.032548189163208, 17.322096824645996, 17.72631597518921, 17.92222023010254, 18.32971501350403, 18.7662456035614, 18.760889530181885, 20.073966026306152, 19.486104249954224, 19.854529857635498, 19.850679397583008, 20.379202842712402, 20.484679698944092, 21.10465121269226, 21.254544258117676, 21.36623191833496, 21.789204597473145, 22.497193574905396, 23.46434760093689, 24.83435320854187, 24.49024796485901, 26.518445253372192, 28.6589994430542, 31.630170583724976, 31.05783724784851, 33.06654191017151, 31.682783842086792, 35.785325050354004, 34.62291669845581, 35.06975317001343, 34.94037389755249, 36.09381937980652, 36.30419969558716]}