{"error_prop_list": [0.0, 0.01, 0.02, 0.03, 0.04, 0.05, 0.06, 0.07, 0.08, 0.09, 0.1, 0.11, 0.12, 0.13, 0.14, 0.15, 0.16, 0.17, 0.18, 0.19, 0.2, 0.21, 0.22, 0.23, 0.24, 0.25, 0.26, 0.27, 0.28, 0.29, 0.3, 0.31, 0.32, 0.33, 0.34, 0.35000000000000003, 0.36, 0.37, 0.38, 0.39, 0.4, 0.41000000000000003, 0.42, 0.43, 0.44, 0.45, 0.46, 0.47000000000000003, 0.48, 0.49, 0.5], "precision": [1.0, 0.5892857142857143, 0.5247252747252747, 0.42445054945054944, 0.3592032967032967, 0.2815934065934066, 0.2135989010989011, 0.1875, 0.13598901098901098, 0.09958791208791208, 0.07486263736263736, 0.07486263736263736, 0.05631868131868132, 0.04532967032967033, 0.04189560439560439, 0.03159340659340659, 0.023351648351648352, 0.025412087912087912, 0.015796703296703296, 0.021291208791208792, 0.019917582417582416, 0.012362637362637362, 0.006868131868131868, 0.008928571428571428, 0.008241758241758242, 0.009615384615384616, 0.01098901098901099, 0.005494505494505495, 0.008928571428571428, 0.006181318681318681, 0.006181318681318681, 0.003434065934065934, 0.006181318681318681, 0.003434065934065934, 0.0020604395604395605, 0.0013736263736263737, 0.004120879120879121, 0.003434065934065934, 0.0020604395604395605, 0.003434065934065934, 0.0006868131868131869, 0.0013736263736263737, 0.0, 0.0, 0.0020604395604395605, 0.0006868131868131869, 0.0013736263736263737, 0.0013736263736263737, 0.0006868131868131869, 0.0, 0.0013736263736263737], "time": [13.577238082885742, 14.166655540466309, 14.725528478622437, 14.39325213432312, 13.101308107376099, 17.15839385986328, 15.081045389175415, 15.439704895019531, 15.204169034957886, 16.44711995124817, 16.101206064224243, 15.877409219741821, 16.229098796844482, 16.162963390350342, 17.5089430809021, 15.880879640579224, 18.07491970062256, 22.241981983184814, 20.438152551651, 19.780715703964233, 20.866570234298706, 19.763216733932495, 19.579007148742676, 23.07729983329773, 27.808321237564087, 24.914308309555054, 25.869279384613037, 20.348437786102295, 25.765860080718994, 24.19789481163025, 21.71741032600403, 24.17016339302063, 22.58914828300476, 24.150028705596924, 26.633440017700195, 25.34235429763794, 24.687394618988037, 26.44365668296814, 27.312720775604248, 31.24660587310791, 29.151239156723022, 28.45302963256836, 27.195050477981567, 33.74553370475769, 34.8005588054657, 33.895265102386475, 33.848509788513184, 29.886011362075806, 33.124834299087524, 36.05508208274841, 33.17044734954834]}