{"prop_prob_list": [0.5, 0.51, 0.52, 0.53, 0.54, 0.55, 0.56, 0.5700000000000001, 0.5800000000000001, 0.5900000000000001, 0.6000000000000001, 0.6100000000000001, 0.6200000000000001, 0.6300000000000001, 0.6400000000000001, 0.6500000000000001, 0.6600000000000001, 0.6700000000000002, 0.6800000000000002, 0.6900000000000002, 0.7000000000000002, 0.7100000000000002, 0.7200000000000002, 0.7300000000000002, 0.7400000000000002, 0.7500000000000002, 0.7600000000000002, 0.7700000000000002, 0.7800000000000002, 0.7900000000000003, 0.8000000000000003, 0.8100000000000003, 0.8200000000000003, 0.8300000000000003, 0.8400000000000003, 0.8500000000000003, 0.8600000000000003, 0.8700000000000003, 0.8800000000000003, 0.8900000000000003, 0.9000000000000004, 0.9100000000000004, 0.9200000000000004, 0.9300000000000004, 0.9400000000000004, 0.9500000000000004, 0.9600000000000004, 0.9700000000000004, 0.9800000000000004, 0.9900000000000004, 1.0], "precision": [1.0, 1.0, 1.0, 1.0, 1.0, 1.0, 1.0, 1.0, 1.0, 1.0, 1.0, 1.0, 1.0, 1.0, 1.0, 1.0, 1.0, 1.0, 1.0, 1.0, 1.0, 1.0, 1.0, 1.0, 1.0, 1.0, 1.0, 1.0, 1.0, 1.0, 1.0, 1.0, 1.0, 1.0, 1.0, 1.0, 1.0, 1.0, 1.0, 1.0, 1.0, 1.0, 1.0, 1.0, 1.0, 1.0, 1.0, 1.0, 1.0, 1.0, 1.0], "time": [6.997524738311768, 6.948521375656128, 6.9778361320495605, 6.937110662460327, 6.920931816101074, 6.954296350479126, 6.954776048660278, 6.95639443397522, 6.9503419399261475, 6.966219663619995, 6.966686964035034, 6.937631607055664, 6.9597814083099365, 6.961879014968872, 6.972418308258057, 6.930614948272705, 6.975966930389404, 6.9691996574401855, 6.950424432754517, 6.958376169204712, 6.966104030609131, 6.97622013092041, 6.962478876113892, 6.972166061401367, 7.012441158294678, 6.9604620933532715, 7.129656076431274, 7.011156320571899, 6.977255582809448, 7.050147533416748, 7.073244094848633, 7.105736970901489, 7.130608797073364, 7.177302598953247, 7.352236032485962, 7.4215662479400635, 7.534543037414551, 7.490389347076416, 7.73035740852356, 8.763774394989014, 8.415844440460205, 8.76592984199524, 8.969962358474731, 9.032925844192505, 10.051084995269775, 10.771179914474487, 11.659385919570923, 12.794663429260254, 13.539546966552734, 16.246644735336304, 20.0177]}