{"prop_prob_list": [0.5, 0.51, 0.52, 0.53, 0.54, 0.55, 0.56, 0.5700000000000001, 0.5800000000000001, 0.5900000000000001, 0.6000000000000001, 0.6100000000000001, 0.6200000000000001, 0.6300000000000001, 0.6400000000000001, 0.6500000000000001, 0.6600000000000001, 0.6700000000000002, 0.6800000000000002, 0.6900000000000002, 0.7000000000000002, 0.7100000000000002, 0.7200000000000002, 0.7300000000000002, 0.7400000000000002, 0.7500000000000002, 0.7600000000000002, 0.7700000000000002, 0.7800000000000002, 0.7900000000000003, 0.8000000000000003, 0.8100000000000003, 0.8200000000000003, 0.8300000000000003, 0.8400000000000003, 0.8500000000000003, 0.8600000000000003, 0.8700000000000003, 0.8800000000000003, 0.8900000000000003, 0.9000000000000004, 0.9100000000000004, 0.9200000000000004, 0.9300000000000004, 0.9400000000000004, 0.9500000000000004, 0.9600000000000004, 0.9700000000000004, 0.9800000000000004, 0.9900000000000004, 1.0], "precision": [1.0, 1.0, 1.0, 1.0, 1.0, 1.0, 1.0, 1.0, 1.0, 1.0, 1.0, 1.0, 1.0, 1.0, 1.0, 1.0, 1.0, 1.0, 1.0, 1.0, 1.0, 1.0, 1.0, 1.0, 1.0, 1.0, 1.0, 1.0, 1.0, 1.0, 1.0, 1.0, 1.0, 1.0, 1.0, 1.0, 1.0, 1.0, 1.0, 1.0, 1.0, 1.0, 1.0, 1.0, 1.0, 1.0, 1.0, 1.0, 1.0, 1.0, 1.0], "time": [24.608515739440918, 25.583441734313965, 25.40652894973755, 25.711782217025757, 25.924601078033447, 25.690725803375244, 25.652485370635986, 25.974657773971558, 25.818289756774902, 25.655177116394043, 21.958588123321533, 22.01320767402649, 22.421326398849487, 22.83525776863098, 23.156728982925415, 24.151129722595215, 23.429576873779297, 21.858822107315063, 21.80954670906067, 22.0978684425354, 23.46049976348877, 23.62574291229248, 22.170995950698853, 23.025293350219727, 22.90239953994751, 23.40633463859558, 24.485498666763306, 24.257660388946533, 23.237567901611328, 23.00531768798828, 23.55897879600525, 25.168689489364624, 25.394294500350952, 25.698189973831177, 25.032897233963013, 24.95131754875183, 23.638625860214233, 23.180960655212402, 23.91025447845459, 24.701297521591187, 25.20392942428589, 25.611777782440186, 25.489198446273804, 28.10635733604431, 27.898935079574585, 29.640658617019653, 34.10221028327942, 42.45698118209839, 45.45077562332153, 52.74035382270813, 73.4500]}